"Year","State","TOTAL.POPULATION","Type","FREE.COLORED.MALES","FREE.COLORED.FEMALES","TOTAL.FREE.COLORED.PERSONS","TOTAL.FREE.COLORED.FEMALES","TOTAL.FREE.COLORED.MALES","TOTAL.FREE.COLORED.POPULATION","WHITE.AND.FREE.COLORED.FAMILIES","AGGR..FREE.COLORED.PERSONS","COLORED.PERSONS","COLORED.MALES","COLORED.FEMALES","TOTAL.COLORED.FEMALES","TOTAL.COLORED.MALES"
1790,"CONNECTICUT",237655,"State",NA,NA,NA,NA,NA,NA,NA,NA,NA,NA,NA,NA,NA
1790,"DELAWARE",59096,"State",NA,NA,NA,NA,NA,NA,NA,NA,NA,NA,NA,NA,NA
1790,"GEORGIA",82548,"State",NA,NA,NA,NA,NA,NA,NA,NA,NA,NA,NA,NA,NA
1790,"KENTUCKY",73677,"Territory",NA,NA,NA,NA,NA,NA,NA,NA,NA,NA,NA,NA,NA
1790,"MAINE",96643,"Territory",NA,NA,NA,NA,NA,NA,NA,NA,NA,NA,NA,NA,NA
1790,"MARYLAND",319728,"State",NA,NA,NA,NA,NA,NA,NA,NA,NA,NA,NA,NA,NA
1790,"MASSACHUSETTS",378556,"State",NA,NA,NA,NA,NA,NA,NA,NA,NA,NA,NA,NA,NA
1790,"NEW HAMPSHIRE",141899,"State",NA,NA,NA,NA,NA,NA,NA,NA,NA,NA,NA,NA,NA
1790,"NEW JERSEY",184139,"State",NA,NA,NA,NA,NA,NA,NA,NA,NA,NA,NA,NA,NA
1790,"NEW YORK",340241,"State",NA,NA,NA,NA,NA,NA,NA,NA,NA,NA,NA,NA,NA
1790,"NORTH CAROLINA",395005,"State",NA,NA,NA,NA,NA,NA,NA,NA,NA,NA,NA,NA,NA
1790,"PENNSYLVANIA",433611,"State",NA,NA,NA,NA,NA,NA,NA,NA,NA,NA,NA,NA,NA
1790,"RHODE ISLAND",69112,"State",NA,NA,NA,NA,NA,NA,NA,NA,NA,NA,NA,NA,NA
1790,"SOUTH CAROLINA",249073,"State",NA,NA,NA,NA,NA,NA,NA,NA,NA,NA,NA,NA,NA
1790,"VERMONT",85341,"Territory",NA,NA,NA,NA,NA,NA,NA,NA,NA,NA,NA,NA,NA
1790,"VIRGINIA",747550,"State",NA,NA,NA,NA,NA,NA,NA,NA,NA,NA,NA,NA,NA
1800,"CONNECTICUT",251002,"State",NA,NA,NA,NA,NA,NA,NA,NA,NA,NA,NA,NA,NA
1800,"DELAWARE",64273,"State",NA,NA,NA,NA,NA,NA,NA,NA,NA,NA,NA,NA,NA
1800,"GEORGIA",162686,"State",NA,NA,NA,NA,NA,NA,NA,NA,NA,NA,NA,NA,NA
1800,"KENTUCKY",220955,"State",NA,NA,NA,NA,NA,NA,NA,NA,NA,NA,NA,NA,NA
1800,"MAINE",151719,"Territory",NA,NA,NA,NA,NA,NA,NA,NA,NA,NA,NA,NA,NA
1800,"MARYLAND",341543,"State",NA,NA,NA,NA,NA,NA,NA,NA,NA,NA,NA,NA,NA
1800,"MASSACHUSETTS",422845,"State",NA,NA,NA,NA,NA,NA,NA,NA,NA,NA,NA,NA,NA
1800,"NEW HAMPSHIRE",183858,"State",NA,NA,NA,NA,NA,NA,NA,NA,NA,NA,NA,NA,NA
1800,"NEW JERSEY",211149,"State",NA,NA,NA,NA,NA,NA,NA,NA,NA,NA,NA,NA,NA
1800,"NEW YORK",586182,"State",NA,NA,NA,NA,NA,NA,NA,NA,NA,NA,NA,NA,NA
1800,"NORTH CAROLINA",478103,"State",NA,NA,NA,NA,NA,NA,NA,NA,NA,NA,NA,NA,NA
1800,"PENNSYLVANIA",602365,"State",NA,NA,NA,NA,NA,NA,NA,NA,NA,NA,NA,NA,NA
1800,"RHODE ISLAND",69122,"State",NA,NA,NA,NA,NA,NA,NA,NA,NA,NA,NA,NA,NA
1800,"SOUTH CAROLINA",345591,"State",NA,NA,NA,NA,NA,NA,NA,NA,NA,NA,NA,NA,NA
1800,"TENNESSEE",105602,"State",NA,NA,NA,NA,NA,NA,NA,NA,NA,NA,NA,NA,NA
1800,"VERMONT",154465,"State",NA,NA,NA,NA,NA,NA,NA,NA,NA,NA,NA,NA,NA
1800,"VIRGINIA",885171,"State",NA,NA,NA,NA,NA,NA,NA,NA,NA,NA,NA,NA,NA
1810,"CONNECTICUT",261942,"State",NA,NA,NA,NA,NA,NA,NA,NA,NA,NA,NA,NA,NA
1810,"DELAWARE",72674,"State",NA,NA,NA,NA,NA,NA,NA,NA,NA,NA,NA,NA,NA
1810,"GEORGIA",252433,"State",NA,NA,NA,NA,NA,NA,NA,NA,NA,NA,NA,NA,NA
1810,"KENTUCKY",406511,"State",NA,NA,NA,NA,NA,NA,NA,NA,NA,NA,NA,NA,NA
1810,"MAINE",228705,"Territory",NA,NA,NA,NA,NA,NA,NA,NA,NA,NA,NA,NA,NA
1810,"MARYLAND",380546,"State",NA,NA,NA,NA,NA,NA,NA,NA,NA,NA,NA,NA,NA
1810,"MASSACHUSETTS",472040,"State",NA,NA,NA,NA,NA,NA,NA,NA,NA,NA,NA,NA,NA
1810,"NEW HAMPSHIRE",214460,"State",NA,NA,NA,NA,NA,NA,NA,NA,NA,NA,NA,NA,NA
1810,"NEW JERSEY",245562,"State",NA,NA,NA,NA,NA,NA,NA,NA,NA,NA,NA,NA,NA
1810,"NEW YORK",959049,"State",NA,NA,NA,NA,NA,NA,NA,NA,NA,NA,NA,NA,NA
1810,"NORTH CAROLINA",555500,"State",NA,NA,NA,NA,NA,NA,NA,NA,NA,NA,NA,NA,NA
1810,"OHIO",230760,"State",NA,NA,NA,NA,NA,NA,NA,NA,NA,NA,NA,NA,NA
1810,"PENNSYLVANIA",810019,"State",NA,NA,NA,NA,NA,NA,NA,NA,NA,NA,NA,NA,NA
1810,"RHODE ISLAND",76931,"State",NA,NA,NA,NA,NA,NA,NA,NA,NA,NA,NA,NA,NA
1810,"SOUTH CAROLINA",415115,"State",NA,NA,NA,NA,NA,NA,NA,NA,NA,NA,NA,NA,NA
1810,"TENNESSEE",261727,"State",NA,NA,NA,NA,NA,NA,NA,NA,NA,NA,NA,NA,NA
1810,"VERMONT",217913,"State",NA,NA,NA,NA,NA,NA,NA,NA,NA,NA,NA,NA,NA
1810,"VIRGINIA",974622,"State",NA,NA,NA,NA,NA,NA,NA,NA,NA,NA,NA,NA,NA
1820,"ALABAMA",144317,"State",357,276,633,NA,NA,NA,NA,NA,NA,NA,NA,NA,NA
1820,"CONNECTICUT",275248,"State",3863,4007,7870,NA,NA,NA,NA,NA,NA,NA,NA,NA,NA
1820,"DELAWARE",72749,"State",6479,6479,12958,NA,NA,NA,NA,NA,NA,NA,NA,NA,NA
1820,"GEORGIA",340989,"State",851,912,1763,NA,NA,NA,NA,NA,NA,NA,NA,NA,NA
1820,"ILLINOIS",55211,"State",237,220,457,NA,NA,NA,NA,NA,NA,NA,NA,NA,NA
1820,"INDIANA",147178,"State",654,576,1230,NA,NA,NA,NA,NA,NA,NA,NA,NA,NA
1820,"KENTUCKY",564317,"State",1493,1266,2759,NA,NA,NA,NA,NA,NA,NA,NA,NA,NA
1820,"LOUISIANA",153407,"State",4930,5967,10897,NA,NA,NA,NA,NA,NA,NA,NA,NA,NA
1820,"MAINE",298335,"State",437,492,929,NA,NA,NA,NA,NA,NA,NA,NA,NA,NA
1820,"MARYLAND",407350,"State",18746,20984,39730,NA,NA,NA,NA,NA,NA,NA,NA,NA,NA
1820,"MASSACHUSETTS",523287,"State",3308,3432,6740,NA,NA,NA,NA,NA,NA,NA,NA,NA,NA
1820,"MISSISSIPPI",75448,"State",239,219,458,NA,NA,NA,NA,NA,NA,NA,NA,NA,NA
1820,"MISSOURI",66586,"Territory",186,161,347,NA,NA,NA,NA,NA,NA,NA,NA,NA,NA
1820,"NEW HAMPSHIRE",244161,"State",372,414,786,NA,NA,NA,NA,NA,NA,NA,NA,NA,NA
1820,"NEW JERSEY",277575,"State",6416,6044,12460,NA,NA,NA,NA,NA,NA,NA,NA,NA,NA
1820,"NEW YORK",1372812,"State",13458,15821,29279,NA,NA,NA,NA,NA,NA,NA,NA,NA,NA
1820,"NORTH CAROLINA",638829,"State",7395,7217,14612,NA,NA,NA,NA,NA,NA,NA,NA,NA,NA
1820,"OHIO",581434,"State",2454,2269,4723,NA,NA,NA,NA,NA,NA,NA,NA,NA,NA
1820,"PENNSYLVANIA",1549458,"State",14804,15398,30202,NA,NA,NA,NA,NA,NA,NA,NA,NA,NA
1820,"RHODE ISLAND",83059,"State",1587,1967,3554,NA,NA,NA,NA,NA,NA,NA,NA,NA,NA
1820,"SOUTH CAROLINA",490309,"State",3249,3465,6714,NA,NA,NA,NA,NA,NA,NA,NA,NA,NA
1820,"TENNESSEE",422813,"State",1501,1226,2727,NA,NA,NA,NA,NA,NA,NA,NA,NA,NA
1820,"VERMONT",235764,"State",438,465,903,NA,NA,NA,NA,NA,NA,NA,NA,NA,NA
1820,"VIRGINIA",1065379,"State",17849,19040,36889,NA,NA,NA,NA,NA,NA,NA,NA,NA,NA
1830,"ALABAMA",309527,"State",NA,NA,1572,728,844,NA,NA,NA,NA,NA,NA,NA,NA
1830,"ARKANSAS",30388,"Territory",NA,NA,141,53,88,NA,NA,NA,NA,NA,NA,NA,NA
1830,"CONNECTICUT",297675,"State",NA,NA,8047,4197,3850,NA,NA,NA,NA,NA,NA,NA,NA
1830,"DELAWARE",76748,"State",NA,NA,15855,7973,7882,NA,NA,NA,NA,NA,NA,NA,NA
1830,"GEORGIA",516823,"State",NA,NA,2486,1225,1261,NA,NA,NA,NA,NA,NA,NA,NA
1830,"ILLINOIS",157445,"State",NA,NA,1637,813,824,NA,NA,NA,NA,NA,NA,NA,NA
1830,"INDIANA",343031,"State",NA,NA,3629,1772,1857,NA,NA,NA,NA,NA,NA,NA,NA
1830,"KENTUCKY",687917,"State",NA,NA,4917,2265,2652,NA,NA,NA,NA,NA,NA,NA,NA
1830,"LOUISIANA",215529,"State",NA,NA,16710,9480,7230,NA,NA,NA,NA,NA,NA,NA,NA
1830,"MAINE",399455,"State",NA,NA,1190,580,610,NA,NA,NA,NA,NA,NA,NA,NA
1830,"MARYLAND",447040,"State",NA,NA,52938,28032,24906,NA,NA,NA,NA,NA,NA,NA,NA
1830,"MASSACHUSETTS",610408,"State",NA,NA,7048,3690,3358,NA,NA,NA,NA,NA,NA,NA,NA
1830,"MICHIGAN",31639,"Territory",NA,NA,261,102,159,NA,NA,NA,NA,NA,NA,NA,NA
1830,"MISSISSIPPI",136621,"State",NA,NA,519,231,288,NA,NA,NA,NA,NA,NA,NA,NA
1830,"MISSOURI",140455,"State",NA,NA,569,285,284,NA,NA,NA,NA,NA,NA,NA,NA
1830,"NEW HAMPSHIRE",269328,"State",NA,NA,604,329,275,NA,NA,NA,NA,NA,NA,NA,NA
1830,"NEW JERSEY",320823,"State",NA,NA,18303,8802,9501,NA,NA,NA,NA,NA,NA,NA,NA
1830,"NEW YORK",1918608,"State",NA,NA,44870,23404,21466,NA,NA,NA,NA,NA,NA,NA,NA
1830,"NORTH CAROLINA",737987,"State",NA,NA,19543,9982,9561,NA,NA,NA,NA,NA,NA,NA,NA
1830,"OHIO",937903,"State",NA,NA,9568,4779,4789,NA,NA,NA,NA,NA,NA,NA,NA
1830,"PENNSYLVANIA",1348233,"State",NA,NA,37930,19553,18377,NA,NA,NA,NA,NA,NA,NA,NA
1830,"RHODE ISLAND",97199,"State",NA,NA,3561,2013,1548,NA,NA,NA,NA,NA,NA,NA,NA
1830,"SOUTH CAROLINA",581185,"State",NA,NA,7921,4249,3672,NA,NA,NA,NA,NA,NA,NA,NA
1830,"TENNESSEE",681904,"State",NA,NA,4555,2225,2330,NA,NA,NA,NA,NA,NA,NA,NA
1830,"VERMONT",280652,"State",NA,NA,881,455,426,NA,NA,NA,NA,NA,NA,NA,NA
1830,"VIRGINIA",1211405,"State",NA,NA,47348,24961,22387,NA,NA,NA,NA,NA,NA,NA,NA
1840,"ALABAMA",590756,"State",NA,NA,2039,1009,1030,NA,NA,NA,NA,NA,NA,NA,NA
1840,"ARKANSAS",97574,"State",NA,NA,465,217,248,NA,NA,NA,NA,NA,NA,NA,NA
1840,"CONNECTICUT",310015,"State",NA,NA,8105,4214,3891,NA,NA,NA,NA,NA,NA,NA,NA
1840,"DELAWARE",78085,"State",NA,NA,16919,8293,8626,NA,NA,NA,NA,NA,NA,NA,NA
1840,"FLORIDA",54477,"Territory",NA,NA,817,419,398,NA,NA,NA,NA,NA,NA,NA,NA
1840,"GEORGIA",691392,"State",NA,NA,2753,1379,1374,NA,NA,NA,NA,NA,NA,NA,NA
1840,"ILLINOIS",476183,"State",NA,NA,3598,1722,1876,NA,NA,NA,NA,NA,NA,NA,NA
1840,"INDIANA",685866,"State",NA,NA,7165,3434,3731,NA,NA,NA,NA,NA,NA,NA,NA
1840,"IOWA",43112,"Territory",NA,NA,172,79,93,NA,NA,NA,NA,NA,NA,NA,NA
1840,"KENTUCKY",779828,"State",NA,NA,7317,3556,3761,NA,NA,NA,NA,NA,NA,NA,NA
1840,"LOUISIANA",352411,"State",NA,NA,25502,13976,11526,NA,NA,NA,NA,NA,NA,NA,NA
1840,"MAINE",501793,"State",NA,NA,1355,635,720,NA,NA,NA,NA,NA,NA,NA,NA
1840,"MARYLAND",470019,"State",NA,NA,62078,32891,29187,NA,NA,NA,NA,NA,NA,NA,NA
1840,"MASSACHUSETTS",737699,"State",NA,NA,8669,4015,4654,NA,NA,NA,NA,NA,NA,NA,NA
1840,"MICHIGAN",212267,"State",NA,NA,707,314,393,NA,NA,NA,NA,NA,NA,NA,NA
1840,"MISSISSIPPI",375651,"State",NA,NA,1366,651,715,NA,NA,NA,NA,NA,NA,NA,NA
1840,"MISSOURI",383702,"State",NA,NA,1574,691,883,NA,NA,NA,NA,NA,NA,NA,NA
1840,"NEW HAMPSHIRE",284574,"State",NA,NA,537,289,248,NA,NA,NA,NA,NA,NA,NA,NA
1840,"NEW JERSEY",373306,"State",NA,NA,21044,10264,10780,NA,NA,NA,NA,NA,NA,NA,NA
1840,"NEW YORK",2428921,"State",NA,NA,50027,26218,23809,NA,NA,NA,NA,NA,NA,NA,NA
1840,"NORTH CAROLINA",753419,"State",NA,NA,22732,11505,11227,NA,NA,NA,NA,NA,NA,NA,NA
1840,"OHIO",1519467,"State",NA,NA,17342,8602,8740,NA,NA,NA,NA,NA,NA,NA,NA
1840,"PENNSYLVANIA",1724033,"State",NA,NA,47854,25102,22752,NA,NA,NA,NA,NA,NA,NA,NA
1840,"RHODE ISLAND",108830,"State",NA,NA,3238,1825,1413,NA,NA,NA,NA,NA,NA,NA,NA
1840,"SOUTH CAROLINA",594398,"State",NA,NA,8276,4412,3864,NA,NA,NA,NA,NA,NA,NA,NA
1840,"TENNESSEE",829210,"State",NA,NA,5524,2728,2796,NA,NA,NA,NA,NA,NA,NA,NA
1840,"VERMONT",291948,"State",NA,NA,730,366,364,NA,NA,NA,NA,NA,NA,NA,NA
1840,"VIRGINIA",1239797,"State",NA,NA,49852,26024,23828,NA,NA,NA,NA,NA,NA,NA,NA
1840,"WISCONSIN",30945,"Territory",NA,NA,185,84,101,NA,NA,NA,NA,NA,NA,NA,NA
1850,"ALABAMA",771623,"State",NA,NA,NA,1209,1056,2265,73786,NA,NA,NA,NA,NA,NA
1850,"ARKANSAS",209897,"State",NA,NA,NA,294,314,608,28416,NA,NA,NA,NA,NA,NA
1850,"CALIFORNIA",92597,"State",NA,NA,NA,90,872,962,24567,NA,NA,NA,NA,NA,NA
1850,"CONNECTICUT",370792,"State",NA,NA,NA,3873,3820,7693,73448,NA,NA,NA,NA,NA,NA
1850,"DELAWARE",91532,"State",NA,NA,NA,9038,9035,18073,15439,NA,NA,NA,NA,NA,NA
1850,"FLORIDA",87445,"State",NA,NA,NA,514,418,932,9107,NA,NA,NA,NA,NA,NA
1850,"GEORGIA",906185,"State",NA,NA,NA,1556,1375,2931,91666,NA,NA,NA,NA,NA,NA
1850,"ILLINOIS",851470,"State",NA,NA,NA,2659,2777,5436,149153,NA,NA,NA,NA,NA,NA
1850,"INDIANA",988416,"State",NA,NA,NA,5547,5715,11262,171564,NA,NA,NA,NA,NA,NA
1850,"IOWA",192214,"State",NA,NA,NA,168,165,333,33517,NA,NA,NA,NA,NA,NA
1850,"KENTUCKY",982405,"State",NA,NA,NA,5148,4863,10011,132920,NA,NA,NA,NA,NA,NA
1850,"LOUISIANA",517762,"State",NA,NA,NA,9983,7479,17462,54112,NA,NA,NA,NA,NA,NA
1850,"MAINE",583169,"State",NA,NA,NA,630,726,1356,103333,NA,NA,NA,NA,NA,NA
1850,"MARYLAND",583034,"State",NA,NA,NA,39531,35192,74723,87384,NA,NA,NA,NA,NA,NA
1850,"MASSACHUSETTS",994514,"State",NA,NA,NA,4640,4424,9064,192675,NA,NA,NA,NA,NA,NA
1850,"MICHIGAN",397654,"State",NA,NA,NA,1152,1431,2583,72611,NA,NA,NA,NA,NA,NA
1850,"MINNESOTA",6077,"Territory",NA,NA,NA,18,21,39,1016,NA,NA,NA,NA,NA,NA
1850,"MISSISSIPPI",606526,"State",NA,NA,NA,456,474,930,52107,NA,NA,NA,NA,NA,NA
1850,"MISSOURI",682044,"State",NA,NA,NA,1257,1361,2618,100890,NA,NA,NA,NA,NA,NA
1850,"NEW HAMPSHIRE",317976,"State",NA,NA,NA,260,260,520,62287,NA,NA,NA,NA,NA,NA
1850,"NEW JERSEY",489555,"State",NA,NA,NA,12012,11798,23810,89080,NA,NA,NA,NA,NA,NA
1850,"NEW YORK",3097394,"State",NA,NA,NA,25617,23452,49069,566869,NA,NA,NA,NA,NA,NA
1850,"NORTH CAROLINA",869039,"State",NA,NA,NA,14165,13298,27463,105451,NA,NA,NA,NA,NA,NA
1850,"OHIO",1980329,"State",NA,NA,NA,12588,12691,25279,348514,NA,NA,NA,NA,NA,NA
1850,"PENNSYLVANIA",2311786,"State",NA,NA,NA,28257,25369,53626,408497,NA,NA,NA,NA,NA,NA
1850,"RHODE ISLAND",147545,"State",NA,NA,NA,1932,1738,3670,28216,NA,NA,NA,NA,NA,NA
1850,"SOUTH CAROLINA",668507,"State",NA,NA,NA,4829,4131,8960,52937,NA,NA,NA,NA,NA,NA
1850,"TENNESSEE",1002717,"State",NA,NA,NA,3305,3117,6422,130004,NA,NA,NA,NA,NA,NA
1850,"TEXAS",212592,"State",NA,NA,NA,186,211,397,28377,NA,NA,NA,NA,NA,NA
1850,"VERMONT",314304,"State",NA,NA,NA,343,375,718,58573,NA,NA,NA,NA,NA,NA
1850,"VIRGINIA",1421661,"State",NA,NA,NA,28331,26002,54333,167530,NA,NA,NA,NA,NA,NA
1850,"WISCONSIN",305391,"State",NA,NA,NA,270,365,635,57608,NA,NA,NA,NA,NA,NA
1860,"ALABAMA",964201,"State",NA,NA,NA,1436,1254,NA,NA,2690,NA,NA,NA,NA,NA
1860,"ARKANSAS",435450,"State",NA,NA,NA,72,72,NA,NA,144,NA,NA,NA,NA,NA
1860,"CALIFORNIA",379994,"State",NA,NA,NA,1259,2827,NA,NA,4086,NA,NA,NA,NA,NA
1860,"CONNECTICUT",460147,"State",NA,NA,NA,4491,4136,NA,NA,8627,NA,NA,NA,NA,NA
1860,"DELAWARE",112216,"State",NA,NA,NA,9940,9889,NA,NA,19829,NA,NA,NA,NA,NA
1860,"FLORIDA",140424,"State",NA,NA,NA,478,454,NA,NA,932,NA,NA,NA,NA,NA
1860,"GEORGIA",1057286,"State",NA,NA,NA,1831,1669,NA,NA,3500,NA,NA,NA,NA,NA
1860,"ILLINOIS",1711951,"State",NA,NA,NA,3819,3809,NA,NA,7628,NA,NA,NA,NA,NA
1860,"INDIANA",1350428,"State",NA,NA,NA,5637,5791,NA,NA,11428,NA,NA,NA,NA,NA
1860,"IOWA",674913,"State",NA,NA,NA,503,566,NA,NA,1069,NA,NA,NA,NA,NA
1860,"KANSAS",107206,"Territory",NA,NA,NA,339,286,NA,NA,625,NA,NA,NA,NA,NA
1860,"KENTUCKY",1155684,"State",NA,NA,NA,5583,5101,NA,NA,10684,NA,NA,NA,NA,NA
1860,"LOUISIANA",708002,"State",NA,NA,NA,10368,8279,NA,NA,18647,NA,NA,NA,NA,NA
1860,"MAINE",628279,"State",NA,NA,NA,668,659,NA,NA,1327,NA,NA,NA,NA,NA
1860,"MARYLAND",687049,"State",NA,NA,NA,44196,39746,NA,NA,83942,NA,NA,NA,NA,NA
1860,"MASSACHUSETTS",1231066,"State",NA,NA,NA,5133,4469,NA,NA,9602,NA,NA,NA,NA,NA
1860,"MICHIGAN",749113,"State",NA,NA,NA,3232,3567,NA,NA,6799,NA,NA,NA,NA,NA
1860,"MINNESOTA",172023,"State",NA,NA,NA,133,126,NA,NA,259,NA,NA,NA,NA,NA
1860,"MISSISSIPPI",791305,"State",NA,NA,NA,401,372,NA,NA,773,NA,NA,NA,NA,NA
1860,"MISSOURI",1182012,"State",NA,NA,NA,1875,1697,NA,NA,3572,NA,NA,NA,NA,NA
1860,"NEBRASKA",28841,"Territory",NA,NA,NA,32,35,NA,NA,67,NA,NA,NA,NA,NA
1860,"NEVADA",6857,"Territory",NA,NA,NA,10,35,NA,NA,45,NA,NA,NA,NA,NA
1860,"NEW HAMPSHIRE",326073,"State",NA,NA,NA,241,253,NA,NA,494,NA,NA,NA,NA,NA
1860,"NEW JERSEY",672035,"State",NA,NA,NA,13006,12312,NA,NA,25318,NA,NA,NA,NA,NA
1860,"NEW YORK",3880735,"State",NA,NA,NA,25827,23178,NA,NA,49005,NA,NA,NA,NA,NA
1860,"NORTH CAROLINA",992622,"State",NA,NA,NA,15583,14880,NA,NA,30463,NA,NA,NA,NA,NA
1860,"OHIO",2339511,"State",NA,NA,NA,18231,18442,NA,NA,36673,NA,NA,NA,NA,NA
1860,"OREGON",52465,"State",NA,NA,NA,52,76,NA,NA,128,NA,NA,NA,NA,NA
1860,"PENNSYLVANIA",2906215,"State",NA,NA,NA,30476,26473,NA,NA,56949,NA,NA,NA,NA,NA
1860,"RHODE ISLAND",174620,"State",NA,NA,NA,2121,1831,NA,NA,3952,NA,NA,NA,NA,NA
1860,"SOUTH CAROLINA",703708,"State",NA,NA,NA,5366,4548,NA,NA,9914,NA,NA,NA,NA,NA
1860,"TENNESSEE",1109801,"State",NA,NA,NA,3762,3538,NA,NA,7300,NA,NA,NA,NA,NA
1860,"TEXAS",604215,"State",NA,NA,NA,174,181,NA,NA,355,NA,NA,NA,NA,NA
1860,"VERMONT",315098,"State",NA,NA,NA,338,371,NA,NA,709,NA,NA,NA,NA,NA
1860,"VIRGINIA",1596318,"State",NA,NA,NA,30321,27721,NA,NA,58042,NA,NA,NA,NA,NA
1860,"WISCONSIN",775881,"State",NA,NA,NA,518,653,NA,NA,1171,NA,NA,NA,NA,NA
1870,"ALABAMA",996992,"State",NA,NA,NA,NA,NA,NA,NA,NA,475510,NA,NA,NA,NA
1870,"ARKANSAS",484471,"State",NA,NA,NA,NA,NA,NA,NA,NA,122169,NA,NA,NA,NA
1870,"CALIFORNIA",560247,"State",NA,NA,NA,NA,NA,NA,NA,NA,4272,NA,NA,NA,NA
1870,"COLORADO",39864,"Territory",NA,NA,NA,NA,NA,NA,NA,NA,456,NA,NA,NA,NA
1870,"CONNECTICUT",537454,"State",NA,NA,NA,NA,NA,NA,NA,NA,9668,NA,NA,NA,NA
1870,"DELAWARE",125015,"State",NA,NA,NA,NA,NA,NA,NA,NA,22794,NA,NA,NA,NA
1870,"FLORIDA",187748,"State",NA,NA,NA,NA,NA,NA,NA,NA,91689,NA,NA,NA,NA
1870,"GEORGIA",1184109,"State",NA,NA,NA,NA,NA,NA,NA,NA,545142,NA,NA,NA,NA
1870,"ILLINOIS",2539891,"State",NA,NA,NA,NA,NA,NA,NA,NA,28762,NA,NA,NA,NA
1870,"INDIANA",1680637,"State",NA,NA,NA,NA,NA,NA,NA,NA,24560,NA,NA,NA,NA
1870,"IOWA",1194020,"State",NA,NA,NA,NA,NA,NA,NA,NA,5762,NA,NA,NA,NA
1870,"KANSAS",364399,"State",NA,NA,NA,NA,NA,NA,NA,NA,17108,NA,NA,NA,NA
1870,"KENTUCKY",1321011,"State",NA,NA,NA,NA,NA,NA,NA,NA,222210,NA,NA,NA,NA
1870,"LOUISIANA",726915,"State",NA,NA,NA,NA,NA,NA,NA,NA,364210,NA,NA,NA,NA
1870,"MAINE",626915,"State",NA,NA,NA,NA,NA,NA,NA,NA,1606,NA,NA,NA,NA
1870,"MARYLAND",780894,"State",NA,NA,NA,NA,NA,NA,NA,NA,175391,NA,NA,NA,NA
1870,"MASSACHUSETTS",1457351,"State",NA,NA,NA,NA,NA,NA,NA,NA,13947,NA,NA,NA,NA
1870,"MICHIGAN",1184059,"State",NA,NA,NA,NA,NA,NA,NA,NA,11849,NA,NA,NA,NA
1870,"MINNESOTA",439706,"State",NA,NA,NA,NA,NA,NA,NA,NA,759,NA,NA,NA,NA
1870,"MISSISSIPPI",827922,"State",NA,NA,NA,NA,NA,NA,NA,NA,444201,NA,NA,NA,NA
1870,"MISSOURI",1721295,"State",NA,NA,NA,NA,NA,NA,NA,NA,118071,NA,NA,NA,NA
1870,"NEBRASKA",122993,"State",NA,NA,NA,NA,NA,NA,NA,NA,789,NA,NA,NA,NA
1870,"NEVADA",42491,"State",NA,NA,NA,NA,NA,NA,NA,NA,357,NA,NA,NA,NA
1870,"NEW HAMPSHIRE",318300,"State",NA,NA,NA,NA,NA,NA,NA,NA,580,NA,NA,NA,NA
1870,"NEW JERSEY",906096,"State",NA,NA,NA,NA,NA,NA,NA,NA,30658,NA,NA,NA,NA
1870,"NEW YORK",4382759,"State",NA,NA,NA,NA,NA,NA,NA,NA,52081,NA,NA,NA,NA
1870,"NORTH CAROLINA",1071361,"State",NA,NA,NA,NA,NA,NA,NA,NA,391650,NA,NA,NA,NA
1870,"OHIO",2665260,"State",NA,NA,NA,NA,NA,NA,NA,NA,63213,NA,NA,NA,NA
1870,"OREGON",90923,"State",NA,NA,NA,NA,NA,NA,NA,NA,346,NA,NA,NA,NA
1870,"PENNSYLVANIA",3521951,"State",NA,NA,NA,NA,NA,NA,NA,NA,65294,NA,NA,NA,NA
1870,"RHODE ISLAND",217353,"State",NA,NA,NA,NA,NA,NA,NA,NA,4980,NA,NA,NA,NA
1870,"SOUTH CAROLINA",705606,"State",NA,NA,NA,NA,NA,NA,NA,NA,415814,NA,NA,NA,NA
1870,"TENNESSEE",1258520,"State",NA,NA,NA,NA,NA,NA,NA,NA,322331,NA,NA,NA,NA
1870,"TEXAS",818579,"State",NA,NA,NA,NA,NA,NA,NA,NA,253475,NA,NA,NA,NA
1870,"VERMONT",330551,"State",NA,NA,NA,NA,NA,NA,NA,NA,924,NA,NA,NA,NA
1870,"VIRGINIA",1225163,"State",NA,NA,NA,NA,NA,NA,NA,NA,512841,NA,NA,NA,NA
1870,"WEST VIRGINIA",442014,"State",NA,NA,NA,NA,NA,NA,NA,NA,17980,NA,NA,NA,NA
1870,"WISCONSIN",1054670,"State",NA,NA,NA,NA,NA,NA,NA,NA,2113,NA,NA,NA,NA
1880,"ALABAMA",1262505,"State",NA,NA,NA,NA,NA,NA,NA,NA,600103,NA,NA,NA,NA
1880,"ARKANSAS",802525,"State",NA,NA,NA,NA,NA,NA,NA,NA,210666,NA,NA,NA,NA
1880,"CALIFORNIA",864694,"State",NA,NA,NA,NA,NA,NA,NA,NA,6018,NA,NA,NA,NA
1880,"COLORADO",194327,"State",NA,NA,NA,NA,NA,NA,NA,NA,2435,NA,NA,NA,NA
1880,"CONNECTICUT",622700,"State",NA,NA,NA,NA,NA,NA,NA,NA,11547,NA,NA,NA,NA
1880,"DELAWARE",146608,"State",NA,NA,NA,NA,NA,NA,NA,NA,26442,NA,NA,NA,NA
1880,"FLORIDA",269493,"State",NA,NA,NA,NA,NA,NA,NA,NA,126690,NA,NA,NA,NA
1880,"GEORGIA",1542180,"State",NA,NA,NA,NA,NA,NA,NA,NA,725133,NA,NA,NA,NA
1880,"ILLINOIS",3077871,"State",NA,NA,NA,NA,NA,NA,NA,NA,46368,NA,NA,NA,NA
1880,"INDIANA",1978301,"State",NA,NA,NA,NA,NA,NA,NA,NA,39228,NA,NA,NA,NA
1880,"IOWA",1624615,"State",NA,NA,NA,NA,NA,NA,NA,NA,9516,NA,NA,NA,NA
1880,"KANSAS",996096,"State",NA,NA,NA,NA,NA,NA,NA,NA,43107,NA,NA,NA,NA
1880,"KENTUCKY",1648690,"State",NA,NA,NA,NA,NA,NA,NA,NA,271451,NA,NA,NA,NA
1880,"LOUISIANA",939946,"State",NA,NA,NA,NA,NA,NA,NA,NA,483655,NA,NA,NA,NA
1880,"MAINE",648936,"State",NA,NA,NA,NA,NA,NA,NA,NA,1451,NA,NA,NA,NA
1880,"MARYLAND",934943,"State",NA,NA,NA,NA,NA,NA,NA,NA,210230,NA,NA,NA,NA
1880,"MASSACHUSETTS",1783085,"State",NA,NA,NA,NA,NA,NA,NA,NA,18697,NA,NA,NA,NA
1880,"MICHIGAN",1636937,"State",NA,NA,NA,NA,NA,NA,NA,NA,15100,NA,NA,NA,NA
1880,"MINNESOTA",780773,"State",NA,NA,NA,NA,NA,NA,NA,NA,1564,NA,NA,NA,NA
1880,"MISSISSIPPI",1131597,"State",NA,NA,NA,NA,NA,NA,NA,NA,650291,NA,NA,NA,NA
1880,"MISSOURI",2168380,"State",NA,NA,NA,NA,NA,NA,NA,NA,145350,NA,NA,NA,NA
1880,"NEBRASKA",452402,"State",NA,NA,NA,NA,NA,NA,NA,NA,2385,NA,NA,NA,NA
1880,"NEVADA",62266,"State",NA,NA,NA,NA,NA,NA,NA,NA,488,NA,NA,NA,NA
1880,"NEW HAMPSHIRE",346991,"State",NA,NA,NA,NA,NA,NA,NA,NA,685,NA,NA,NA,NA
1880,"NEW JERSEY",1131116,"State",NA,NA,NA,NA,NA,NA,NA,NA,38853,NA,NA,NA,NA
1880,"NEW YORK",5082871,"State",NA,NA,NA,NA,NA,NA,NA,NA,65104,NA,NA,NA,NA
1880,"NORTH CAROLINA",1399750,"State",NA,NA,NA,NA,NA,NA,NA,NA,531277,NA,NA,NA,NA
1880,"OHIO",3198062,"State",NA,NA,NA,NA,NA,NA,NA,NA,79900,NA,NA,NA,NA
1880,"OREGON",174768,"State",NA,NA,NA,NA,NA,NA,NA,NA,487,NA,NA,NA,NA
1880,"PENNSYLVANIA",4282891,"State",NA,NA,NA,NA,NA,NA,NA,NA,85535,NA,NA,NA,NA
1880,"RHODE ISLAND",276531,"State",NA,NA,NA,NA,NA,NA,NA,NA,6488,NA,NA,NA,NA
1880,"SOUTH CAROLINA",995577,"State",NA,NA,NA,NA,NA,NA,NA,NA,604332,NA,NA,NA,NA
1880,"TENNESSEE",1542359,"State",NA,NA,NA,NA,NA,NA,NA,NA,403151,NA,NA,NA,NA
1880,"TEXAS",1591749,"State",NA,NA,NA,NA,NA,NA,NA,NA,393384,NA,NA,NA,NA
1880,"VERMONT",332286,"State",NA,NA,NA,NA,NA,NA,NA,NA,1057,NA,NA,NA,NA
1880,"VIRGINIA",1512565,"State",NA,NA,NA,NA,NA,NA,NA,NA,631616,NA,NA,NA,NA
1880,"WEST VIRGINIA",618457,"State",NA,NA,NA,NA,NA,NA,NA,NA,25886,NA,NA,NA,NA
1880,"WISCONSIN",1315497,"State",NA,NA,NA,NA,NA,NA,NA,NA,2702,NA,NA,NA,NA
1890,"ALABAMA",1513017,"State",NA,NA,NA,NA,NA,NA,NA,NA,NA,213,759,NA,NA
1890,"ARKANSAS",1128179,"State",NA,NA,NA,NA,NA,NA,NA,NA,NA,195,218,NA,NA
1890,"CALIFORNIA",1208130,"State",NA,NA,NA,NA,NA,NA,NA,NA,NA,16277,11517,NA,NA
1890,"COLORADO",412198,"State",NA,NA,NA,NA,NA,NA,NA,NA,NA,154,107,NA,NA
1890,"CONNECTICUT",746258,"State",NA,NA,NA,NA,NA,NA,NA,NA,NA,255,228,NA,NA
1890,"DELAWARE",168493,"State",NA,NA,NA,NA,NA,NA,NA,NA,NA,5,4,NA,NA
1890,"FLORIDA",391422,"State",NA,NA,NA,NA,NA,NA,NA,NA,NA,180,171,NA,NA
1890,"GEORGIA",1837353,"State",NA,NA,NA,NA,NA,NA,NA,NA,NA,124,68,NA,NA
1890,"IDAHO",84385,"State",NA,NA,NA,NA,NA,NA,NA,NA,NA,165,159,NA,NA
1890,"ILLINOIS",3826351,"State",NA,NA,NA,NA,NA,NA,NA,NA,NA,140,97,NA,NA
1890,"INDIANA",2192404,"State",NA,NA,NA,NA,NA,NA,NA,NA,NA,246,343,NA,NA
1890,"IOWA",1911896,"State",NA,NA,NA,NA,NA,NA,NA,NA,NA,466,60,NA,NA
1890,"KANSAS",1427096,"State",NA,NA,NA,NA,NA,NA,NA,NA,NA,815,736,NA,NA
1890,"KENTUCKY",1858635,"State",NA,NA,NA,NA,NA,NA,NA,NA,NA,50,71,NA,NA
1890,"LOUISIANA",1118587,"State",NA,NA,NA,NA,NA,NA,NA,NA,NA,848,627,NA,NA
1890,"MAINE",661086,"State",NA,NA,NA,NA,NA,NA,NA,NA,NA,625,559,NA,NA
1890,"MARYLAND",1042390,"State",NA,NA,NA,NA,NA,NA,NA,NA,NA,15,44,NA,NA
1890,"MASSACHUSETTS",2238943,"State",NA,NA,NA,NA,NA,NA,NA,NA,NA,369,424,NA,NA
1890,"MICHIGAN",2093889,"State",NA,NA,NA,NA,NA,NA,NA,NA,NA,7249,5624,NA,NA
1890,"MINNESOTA",1301826,"State",NA,NA,NA,NA,NA,NA,NA,NA,NA,2300,1888,NA,NA
1890,"MISSISSIPPI",1289600,"State",NA,NA,NA,NA,NA,NA,NA,NA,NA,1857,2036,NA,NA
1890,"MISSOURI",2679184,"State",NA,NA,NA,NA,NA,NA,NA,NA,NA,113,127,NA,NA
1890,"MONTANA",132159,"State",NA,NA,NA,NA,NA,NA,NA,NA,NA,1663,860,NA,NA
1890,"NEBRASKA",1058910,"State",NA,NA,NA,NA,NA,NA,NA,NA,NA,235,2893,NA,NA
1890,"NEVADA",45761,"State",NA,NA,NA,NA,NA,NA,NA,NA,NA,2803,3599,NA,NA
1890,"NEW HAMPSHIRE",376530,"State",NA,NA,NA,NA,NA,NA,NA,NA,NA,63,16,NA,NA
1890,"NEW JERSEY",1444933,"State",NA,NA,NA,NA,NA,NA,NA,NA,NA,74,84,NA,NA
1890,"NEW YORK",5997853,"State",NA,NA,NA,NA,NA,NA,NA,NA,NA,819,726,NA,NA
1890,"NORTH CAROLINA",1617947,"State",NA,NA,NA,NA,NA,NA,NA,NA,NA,1230,1514,NA,NA
1890,"NORTH DAKOTA",182719,"State",NA,NA,NA,NA,NA,NA,NA,NA,NA,596,194,NA,NA
1890,"OHIO",3672316,"State",NA,NA,NA,NA,NA,NA,NA,NA,NA,130,193,NA,NA
1890,"OREGON",313767,"State",NA,NA,NA,NA,NA,NA,NA,NA,NA,1694,1258,NA,NA
1890,"PENNSYLVANIA",5258014,"State",NA,NA,NA,NA,NA,NA,NA,NA,NA,184,983,NA,NA
1890,"RHODE ISLAND",345506,"State",NA,NA,NA,NA,NA,NA,NA,NA,NA,77,180,NA,NA
1890,"SOUTH CAROLINA",1151149,"State",NA,NA,NA,NA,NA,NA,NA,NA,NA,131,173,NA,NA
1890,"SOUTH DAKOTA",328808,"State",NA,NA,NA,NA,NA,NA,NA,NA,NA,795,782,NA,NA
1890,"TENNESSEE",1767518,"State",NA,NA,NA,NA,NA,NA,NA,NA,NA,352,146,NA,NA
1890,"TEXAS",2235523,"State",NA,NA,NA,NA,NA,NA,NA,NA,NA,992,704,NA,NA
1890,"UTAH",207905,"Territory",NA,NA,NA,NA,NA,NA,NA,NA,NA,807,608,NA,NA
1890,"VERMONT",332422,"State",NA,NA,NA,NA,NA,NA,NA,NA,NA,11,34,NA,NA
1890,"VIRGINIA",1655980,"State",NA,NA,NA,NA,NA,NA,NA,NA,NA,85,349,NA,NA
1890,"WASHINGTON",349390,"State",NA,NA,NA,NA,NA,NA,NA,NA,NA,4405,3655,NA,NA
1890,"WEST VIRGINIA",762794,"State",NA,NA,NA,NA,NA,NA,NA,NA,NA,29,9,NA,NA
1890,"WISCONSIN",1686880,"State",NA,NA,NA,NA,NA,NA,NA,NA,NA,3161,3835,NA,NA
1890,"WYOMING",60705,"State",NA,NA,NA,NA,NA,NA,NA,NA,NA,140,43,NA,NA
1900,"ALABAMA",1828697,"State",NA,NA,NA,NA,NA,NA,NA,NA,NA,NA,NA,418159,409386
1900,"ARKANSAS",1311564,"State",NA,NA,NA,NA,NA,NA,NA,NA,NA,NA,NA,181542,185442
1900,"CALIFORNIA",1485053,"State",NA,NA,NA,NA,NA,NA,NA,NA,NA,NA,NA,16942,65384
1900,"COLORADO",539700,"State",NA,NA,NA,NA,NA,NA,NA,NA,NA,NA,NA,4812,5842
1900,"CONNECTICUT",908420,"State",NA,NA,NA,NA,NA,NA,NA,NA,NA,NA,NA,8055,7941
1900,"DELAWARE",184735,"State",NA,NA,NA,NA,NA,NA,NA,NA,NA,NA,NA,15086,15672
1900,"FLORIDA",528542,"State",NA,NA,NA,NA,NA,NA,NA,NA,NA,NA,NA,110691,120518
1900,"GEORGIA",2216331,"State",NA,NA,NA,NA,NA,NA,NA,NA,NA,NA,NA,524964,510073
1900,"IDAHO",161772,"State",NA,NA,NA,NA,NA,NA,NA,NA,NA,NA,NA,2373,4904
1900,"ILLINOIS",4821550,"State",NA,NA,NA,NA,NA,NA,NA,NA,NA,NA,NA,40008,46669
1900,"INDIANA",2516462,"State",NA,NA,NA,NA,NA,NA,NA,NA,NA,NA,NA,27934,30026
1900,"IOWA",2231853,"State",NA,NA,NA,NA,NA,NA,NA,NA,NA,NA,NA,6004,7182
1900,"KANSAS",1470495,"State",NA,NA,NA,NA,NA,NA,NA,NA,NA,NA,NA,26382,27794
1900,"KENTUCKY",2147174,"State",NA,NA,NA,NA,NA,NA,NA,NA,NA,NA,NA,142686,142179
1900,"LOUISIANA",1381625,"State",NA,NA,NA,NA,NA,NA,NA,NA,NA,NA,NA,328422,323591
1900,"MAINE",694466,"State",NA,NA,NA,NA,NA,NA,NA,NA,NA,NA,NA,1031,1209
1900,"MARYLAND",1188044,"State",NA,NA,NA,NA,NA,NA,NA,NA,NA,NA,NA,119464,116156
1900,"MASSACHUSETTS",2805346,"State",NA,NA,NA,NA,NA,NA,NA,NA,NA,NA,NA,16686,18896
1900,"MICHIGAN",2420982,"State",NA,NA,NA,NA,NA,NA,NA,NA,NA,NA,NA,10612,11807
1900,"MINNESOTA",1751394,"State",NA,NA,NA,NA,NA,NA,NA,NA,NA,NA,NA,6719,7639
1900,"MISSISSIPPI",1551270,"State",NA,NA,NA,NA,NA,NA,NA,NA,NA,NA,NA,455329,454741
1900,"MISSOURI",3106665,"State",NA,NA,NA,NA,NA,NA,NA,NA,NA,NA,NA,80089,81733
1900,"MONTANA",243329,"State",NA,NA,NA,NA,NA,NA,NA,NA,NA,NA,NA,6343,10703
1900,"NEBRASKA",1066300,"State",NA,NA,NA,NA,NA,NA,NA,NA,NA,NA,NA,4521,5253
1900,"NEVADA",42335,"State",NA,NA,NA,NA,NA,NA,NA,NA,NA,NA,NA,2645,4285
1900,"NEW HAMPSHIRE",411588,"State",NA,NA,NA,NA,NA,NA,NA,NA,NA,NA,NA,349,448
1900,"NEW JERSEY",1883669,"State",NA,NA,NA,NA,NA,NA,NA,NA,NA,NA,NA,36135,35217
1900,"NEW YORK",7268894,"State",NA,NA,NA,NA,NA,NA,NA,NA,NA,NA,NA,55349,56664
1900,"NORTH CAROLINA",1893810,"State",NA,NA,NA,NA,NA,NA,NA,NA,NA,NA,NA,323685,306522
1900,"NORTH DAKOTA",319146,"State",NA,NA,NA,NA,NA,NA,NA,NA,NA,NA,NA,3617,3817
1900,"OHIO",4157545,"State",NA,NA,NA,NA,NA,NA,NA,NA,NA,NA,NA,46938,50403
1900,"OREGON",413536,"State",NA,NA,NA,NA,NA,NA,NA,NA,NA,NA,NA,3452,15502
1900,"PENNSYLVANIA",6302115,"State",NA,NA,NA,NA,NA,NA,NA,NA,NA,NA,NA,78214,82237
1900,"RHODE ISLAND",428556,"State",NA,NA,NA,NA,NA,NA,NA,NA,NA,NA,NA,4822,4684
1900,"SOUTH CAROLINA",1340316,"State",NA,NA,NA,NA,NA,NA,NA,NA,NA,NA,NA,398761,383748
1900,"SOUTH DAKOTA",401570,"State",NA,NA,NA,NA,NA,NA,NA,NA,NA,NA,NA,10630,10226
1900,"TENNESSEE",2020616,"State",NA,NA,NA,NA,NA,NA,NA,NA,NA,NA,NA,241908,238522
1900,"TEXAS",3048710,"State",NA,NA,NA,NA,NA,NA,NA,NA,NA,NA,NA,310811,311230
1900,"UTAH",276749,"State",NA,NA,NA,NA,NA,NA,NA,NA,NA,NA,NA,1520,2764
1900,"VERMONT",343641,"State",NA,NA,NA,NA,NA,NA,NA,NA,NA,NA,NA,373,497
1900,"VIRGINIA",1854184,"State",NA,NA,NA,NA,NA,NA,NA,NA,NA,NA,NA,337428,323901
1900,"WASHINGTON",518103,"State",NA,NA,NA,NA,NA,NA,NA,NA,NA,NA,NA,6268,15531
1900,"WEST VIRGINIA",958800,"State",NA,NA,NA,NA,NA,NA,NA,NA,NA,NA,NA,18338,25229
1900,"WISCONSIN",2069042,"State",NA,NA,NA,NA,NA,NA,NA,NA,NA,NA,NA,5175,5956
1900,"WYOMING",92531,"State",NA,NA,NA,NA,NA,NA,NA,NA,NA,NA,NA,1139,2341
1910,"ALABAMA",2138093,"State",NA,NA,NA,NA,NA,NA,NA,NA,NA,NA,NA,NA,NA
1910,"ARIZONA",204354,"Territory",NA,NA,NA,NA,NA,NA,NA,NA,NA,NA,NA,NA,NA
1910,"ARKANSAS",1574449,"State",NA,NA,NA,NA,NA,NA,NA,NA,NA,NA,NA,NA,NA
1910,"CALIFORNIA",2377549,"State",NA,NA,NA,NA,NA,NA,NA,NA,NA,NA,NA,NA,NA
1910,"COLORADO",799024,"State",NA,NA,NA,NA,NA,NA,NA,NA,NA,NA,NA,NA,NA
1910,"CONNECTICUT",1114756,"State",NA,NA,NA,NA,NA,NA,NA,NA,NA,NA,NA,NA,NA
1910,"DELAWARE",202322,"State",NA,NA,NA,NA,NA,NA,NA,NA,NA,NA,NA,NA,NA
1910,"FLORIDA",752619,"State",NA,NA,NA,NA,NA,NA,NA,NA,NA,NA,NA,NA,NA
1910,"GEORGIA",2609121,"State",NA,NA,NA,NA,NA,NA,NA,NA,NA,NA,NA,NA,NA
1910,"IDAHO",325594,"State",NA,NA,NA,NA,NA,NA,NA,NA,NA,NA,NA,NA,NA
1910,"ILLINOIS",5638591,"State",NA,NA,NA,NA,NA,NA,NA,NA,NA,NA,NA,NA,NA
1910,"INDIANA",2700876,"State",NA,NA,NA,NA,NA,NA,NA,NA,NA,NA,NA,NA,NA
1910,"IOWA",2224771,"State",NA,NA,NA,NA,NA,NA,NA,NA,NA,NA,NA,NA,NA
1910,"KANSAS",1690949,"State",NA,NA,NA,NA,NA,NA,NA,NA,NA,NA,NA,NA,NA
1910,"KENTUCKY",2289905,"State",NA,NA,NA,NA,NA,NA,NA,NA,NA,NA,NA,NA,NA
1910,"LOUISIANA",1656388,"State",NA,NA,NA,NA,NA,NA,NA,NA,NA,NA,NA,NA,NA
1910,"MAINE",742371,"State",NA,NA,NA,NA,NA,NA,NA,NA,NA,NA,NA,NA,NA
1910,"MARYLAND",1295346,"State",NA,NA,NA,NA,NA,NA,NA,NA,NA,NA,NA,NA,NA
1910,"MASSACHUSETTS",3366416,"State",NA,NA,NA,NA,NA,NA,NA,NA,NA,NA,NA,NA,NA
1910,"MICHIGAN",2810173,"State",NA,NA,NA,NA,NA,NA,NA,NA,NA,NA,NA,NA,NA
1910,"MINNESOTA",2075708,"State",NA,NA,NA,NA,NA,NA,NA,NA,NA,NA,NA,NA,NA
1910,"MISSISSIPPI",1797114,"State",NA,NA,NA,NA,NA,NA,NA,NA,NA,NA,NA,NA,NA
1910,"MISSOURI",3293335,"State",NA,NA,NA,NA,NA,NA,NA,NA,NA,NA,NA,NA,NA
1910,"MONTANA",376053,"State",NA,NA,NA,NA,NA,NA,NA,NA,NA,NA,NA,NA,NA
1910,"NEBRASKA",1192214,"State",NA,NA,NA,NA,NA,NA,NA,NA,NA,NA,NA,NA,NA
1910,"NEVADA",81875,"State",NA,NA,NA,NA,NA,NA,NA,NA,NA,NA,NA,NA,NA
1910,"NEW HAMPSHIRE",430572,"State",NA,NA,NA,NA,NA,NA,NA,NA,NA,NA,NA,NA,NA
1910,"NEW JERSEY",2537167,"State",NA,NA,NA,NA,NA,NA,NA,NA,NA,NA,NA,NA,NA
1910,"NEW MEXICO",327299,"Territory",NA,NA,NA,NA,NA,NA,NA,NA,NA,NA,NA,NA,NA
1910,"NEW YORK",9113614,"State",NA,NA,NA,NA,NA,NA,NA,NA,NA,NA,NA,NA,NA
1910,"NORTH CAROLINA",2206287,"State",NA,NA,NA,NA,NA,NA,NA,NA,NA,NA,NA,NA,NA
1910,"NORTH DAKOTA",577056,"State",NA,NA,NA,NA,NA,NA,NA,NA,NA,NA,NA,NA,NA
1910,"OHIO",4767121,"State",NA,NA,NA,NA,NA,NA,NA,NA,NA,NA,NA,NA,NA
1910,"OKLAHOMA",1657155,"State",NA,NA,NA,NA,NA,NA,NA,NA,NA,NA,NA,NA,NA
1910,"OREGON",672765,"State",NA,NA,NA,NA,NA,NA,NA,NA,NA,NA,NA,NA,NA
1910,"PENNSYLVANIA",7665111,"State",NA,NA,NA,NA,NA,NA,NA,NA,NA,NA,NA,NA,NA
1910,"RHODE ISLAND",542610,"State",NA,NA,NA,NA,NA,NA,NA,NA,NA,NA,NA,NA,NA
1910,"SOUTH CAROLINA",1515400,"State",NA,NA,NA,NA,NA,NA,NA,NA,NA,NA,NA,NA,NA
1910,"SOUTH DAKOTA",583888,"State",NA,NA,NA,NA,NA,NA,NA,NA,NA,NA,NA,NA,NA
1910,"TENNESSEE",2184789,"State",NA,NA,NA,NA,NA,NA,NA,NA,NA,NA,NA,NA,NA
1910,"TEXAS",3896542,"State",NA,NA,NA,NA,NA,NA,NA,NA,NA,NA,NA,NA,NA
1910,"UTAH",373351,"State",NA,NA,NA,NA,NA,NA,NA,NA,NA,NA,NA,NA,NA
1910,"VERMONT",355956,"State",NA,NA,NA,NA,NA,NA,NA,NA,NA,NA,NA,NA,NA
1910,"VIRGINIA",2061612,"State",NA,NA,NA,NA,NA,NA,NA,NA,NA,NA,NA,NA,NA
1910,"WASHINGTON",1141990,"State",NA,NA,NA,NA,NA,NA,NA,NA,NA,NA,NA,NA,NA
1910,"WEST VIRGINIA",1221119,"State",NA,NA,NA,NA,NA,NA,NA,NA,NA,NA,NA,NA,NA
1910,"WISCONSIN",2333860,"State",NA,NA,NA,NA,NA,NA,NA,NA,NA,NA,NA,NA,NA
1910,"WYOMING",145965,"State",NA,NA,NA,NA,NA,NA,NA,NA,NA,NA,NA,NA,NA
1920,"ALABAMA",2348174,"State",NA,NA,NA,NA,NA,NA,NA,NA,NA,NA,NA,NA,NA
1920,"ARIZONA",334162,"State",NA,NA,NA,NA,NA,NA,NA,NA,NA,NA,NA,NA,NA
1920,"ARKANSAS",1752204,"State",NA,NA,NA,NA,NA,NA,NA,NA,NA,NA,NA,NA,NA
1920,"CALIFORNIA",3426861,"State",NA,NA,NA,NA,NA,NA,NA,NA,NA,NA,NA,NA,NA
1920,"COLORADO",939629,"State",NA,NA,NA,NA,NA,NA,NA,NA,NA,NA,NA,NA,NA
1920,"CONNECTICUT",1380631,"State",NA,NA,NA,NA,NA,NA,NA,NA,NA,NA,NA,NA,NA
1920,"DELAWARE",223003,"State",NA,NA,NA,NA,NA,NA,NA,NA,NA,NA,NA,NA,NA
1920,"FLORIDA",968470,"State",NA,NA,NA,NA,NA,NA,NA,NA,NA,NA,NA,NA,NA
1920,"GEORGIA",2895832,"State",NA,NA,NA,NA,NA,NA,NA,NA,NA,NA,NA,NA,NA
1920,"IDAHO",431866,"State",NA,NA,NA,NA,NA,NA,NA,NA,NA,NA,NA,NA,NA
1920,"ILLINOIS",6485280,"State",NA,NA,NA,NA,NA,NA,NA,NA,NA,NA,NA,NA,NA
1920,"INDIANA",2930390,"State",NA,NA,NA,NA,NA,NA,NA,NA,NA,NA,NA,NA,NA
1920,"IOWA",2404021,"State",NA,NA,NA,NA,NA,NA,NA,NA,NA,NA,NA,NA,NA
1920,"KANSAS",1769257,"State",NA,NA,NA,NA,NA,NA,NA,NA,NA,NA,NA,NA,NA
1920,"KENTUCKY",2416630,"State",NA,NA,NA,NA,NA,NA,NA,NA,NA,NA,NA,NA,NA
1920,"LOUISIANA",1798509,"State",NA,NA,NA,NA,NA,NA,NA,NA,NA,NA,NA,NA,NA
1920,"MAINE",768014,"State",NA,NA,NA,NA,NA,NA,NA,NA,NA,NA,NA,NA,NA
1920,"MARYLAND",1449661,"State",NA,NA,NA,NA,NA,NA,NA,NA,NA,NA,NA,NA,NA
1920,"MASSACHUSETTS",3852356,"State",NA,NA,NA,NA,NA,NA,NA,NA,NA,NA,NA,NA,NA
1920,"MICHIGAN",3668412,"State",NA,NA,NA,NA,NA,NA,NA,NA,NA,NA,NA,NA,NA
1920,"MINNESOTA",2387125,"State",NA,NA,NA,NA,NA,NA,NA,NA,NA,NA,NA,NA,NA
1920,"MISSISSIPPI",1790618,"State",NA,NA,NA,NA,NA,NA,NA,NA,NA,NA,NA,NA,NA
1920,"MISSOURI",3404055,"State",NA,NA,NA,NA,NA,NA,NA,NA,NA,NA,NA,NA,NA
1920,"MONTANA",548889,"State",NA,NA,NA,NA,NA,NA,NA,NA,NA,NA,NA,NA,NA
1920,"NEBRASKA",1296372,"State",NA,NA,NA,NA,NA,NA,NA,NA,NA,NA,NA,NA,NA
1920,"NEVADA",77407,"State",NA,NA,NA,NA,NA,NA,NA,NA,NA,NA,NA,NA,NA
1920,"NEW HAMPSHIRE",443083,"State",NA,NA,NA,NA,NA,NA,NA,NA,NA,NA,NA,NA,NA
1920,"NEW JERSEY",3155900,"State",NA,NA,NA,NA,NA,NA,NA,NA,NA,NA,NA,NA,NA
1920,"NEW MEXICO",360350,"State",NA,NA,NA,NA,NA,NA,NA,NA,NA,NA,NA,NA,NA
1920,"NEW YORK",10385227,"State",NA,NA,NA,NA,NA,NA,NA,NA,NA,NA,NA,NA,NA
1920,"NORTH CAROLINA",2559123,"State",NA,NA,NA,NA,NA,NA,NA,NA,NA,NA,NA,NA,NA
1920,"NORTH DAKOTA",646872,"State",NA,NA,NA,NA,NA,NA,NA,NA,NA,NA,NA,NA,NA
1920,"OHIO",5759394,"State",NA,NA,NA,NA,NA,NA,NA,NA,NA,NA,NA,NA,NA
1920,"OKLAHOMA",2028283,"State",NA,NA,NA,NA,NA,NA,NA,NA,NA,NA,NA,NA,NA
1920,"OREGON",783389,"State",NA,NA,NA,NA,NA,NA,NA,NA,NA,NA,NA,NA,NA
1920,"PENNSYLVANIA",8720017,"State",NA,NA,NA,NA,NA,NA,NA,NA,NA,NA,NA,NA,NA
1920,"RHODE ISLAND",604397,"State",NA,NA,NA,NA,NA,NA,NA,NA,NA,NA,NA,NA,NA
1920,"SOUTH CAROLINA",1683724,"State",NA,NA,NA,NA,NA,NA,NA,NA,NA,NA,NA,NA,NA
1920,"SOUTH DAKOTA",636547,"State",NA,NA,NA,NA,NA,NA,NA,NA,NA,NA,NA,NA,NA
1920,"TENNESSEE",2337885,"State",NA,NA,NA,NA,NA,NA,NA,NA,NA,NA,NA,NA,NA
1920,"TEXAS",4663228,"State",NA,NA,NA,NA,NA,NA,NA,NA,NA,NA,NA,NA,NA
1920,"UTAH",449396,"State",NA,NA,NA,NA,NA,NA,NA,NA,NA,NA,NA,NA,NA
1920,"VERMONT",352428,"State",NA,NA,NA,NA,NA,NA,NA,NA,NA,NA,NA,NA,NA
1920,"VIRGINIA",2309187,"State",NA,NA,NA,NA,NA,NA,NA,NA,NA,NA,NA,NA,NA
1920,"WASHINGTON",1356621,"State",NA,NA,NA,NA,NA,NA,NA,NA,NA,NA,NA,NA,NA
1920,"WEST VIRGINIA",1463701,"State",NA,NA,NA,NA,NA,NA,NA,NA,NA,NA,NA,NA,NA
1920,"WISCONSIN",2632067,"State",NA,NA,NA,NA,NA,NA,NA,NA,NA,NA,NA,NA,NA
1920,"WYOMING",194402,"State",NA,NA,NA,NA,NA,NA,NA,NA,NA,NA,NA,NA,NA
1930,"ALABAMA",2646248,"State",NA,NA,NA,NA,NA,NA,NA,NA,NA,NA,NA,NA,NA
1930,"ARIZONA",435573,"State",NA,NA,NA,NA,NA,NA,NA,NA,NA,NA,NA,NA,NA
1930,"ARKANSAS",1854482,"State",NA,NA,NA,NA,NA,NA,NA,NA,NA,NA,NA,NA,NA
1930,"CALIFORNIA",5677251,"State",NA,NA,NA,NA,NA,NA,NA,NA,NA,NA,NA,NA,NA
1930,"COLORADO",1035791,"State",NA,NA,NA,NA,NA,NA,NA,NA,NA,NA,NA,NA,NA
1930,"CONNECTICUT",1606903,"State",NA,NA,NA,NA,NA,NA,NA,NA,NA,NA,NA,NA,NA
1930,"DELAWARE",238380,"State",NA,NA,NA,NA,NA,NA,NA,NA,NA,NA,NA,NA,NA
1930,"FLORIDA",1468211,"State",NA,NA,NA,NA,NA,NA,NA,NA,NA,NA,NA,NA,NA
1930,"GEORGIA",2908506,"State",NA,NA,NA,NA,NA,NA,NA,NA,NA,NA,NA,NA,NA
1930,"IDAHO",445032,"State",NA,NA,NA,NA,NA,NA,NA,NA,NA,NA,NA,NA,NA
1930,"ILLINOIS",7630654,"State",NA,NA,NA,NA,NA,NA,NA,NA,NA,NA,NA,NA,NA
1930,"INDIANA",3238503,"State",NA,NA,NA,NA,NA,NA,NA,NA,NA,NA,NA,NA,NA
1930,"IOWA",2470939,"State",NA,NA,NA,NA,NA,NA,NA,NA,NA,NA,NA,NA,NA
1930,"KANSAS",1880999,"State",NA,NA,NA,NA,NA,NA,NA,NA,NA,NA,NA,NA,NA
1930,"KENTUCKY",2614589,"State",NA,NA,NA,NA,NA,NA,NA,NA,NA,NA,NA,NA,NA
1930,"LOUISIANA",2101593,"State",NA,NA,NA,NA,NA,NA,NA,NA,NA,NA,NA,NA,NA
1930,"MAINE",797423,"State",NA,NA,NA,NA,NA,NA,NA,NA,NA,NA,NA,NA,NA
1930,"MARYLAND",1631526,"State",NA,NA,NA,NA,NA,NA,NA,NA,NA,NA,NA,NA,NA
1930,"MASSACHUSETTS",4249614,"State",NA,NA,NA,NA,NA,NA,NA,NA,NA,NA,NA,NA,NA
1930,"MICHIGAN",4842325,"State",NA,NA,NA,NA,NA,NA,NA,NA,NA,NA,NA,NA,NA
1930,"MINNESOTA",2563953,"State",NA,NA,NA,NA,NA,NA,NA,NA,NA,NA,NA,NA,NA
1930,"MISSISSIPPI",2009821,"State",NA,NA,NA,NA,NA,NA,NA,NA,NA,NA,NA,NA,NA
1930,"MISSOURI",3629367,"State",NA,NA,NA,NA,NA,NA,NA,NA,NA,NA,NA,NA,NA
1930,"MONTANA",537606,"State",NA,NA,NA,NA,NA,NA,NA,NA,NA,NA,NA,NA,NA
1930,"NEBRASKA",1377963,"State",NA,NA,NA,NA,NA,NA,NA,NA,NA,NA,NA,NA,NA
1930,"NEVADA",91058,"State",NA,NA,NA,NA,NA,NA,NA,NA,NA,NA,NA,NA,NA
1930,"NEW HAMPSHIRE",465293,"State",NA,NA,NA,NA,NA,NA,NA,NA,NA,NA,NA,NA,NA
1930,"NEW JERSEY",4041334,"State",NA,NA,NA,NA,NA,NA,NA,NA,NA,NA,NA,NA,NA
1930,"NEW MEXICO",423317,"State",NA,NA,NA,NA,NA,NA,NA,NA,NA,NA,NA,NA,NA
1930,"NEW YORK",12588066,"State",NA,NA,NA,NA,NA,NA,NA,NA,NA,NA,NA,NA,NA
1930,"NORTH CAROLINA",3170276,"State",NA,NA,NA,NA,NA,NA,NA,NA,NA,NA,NA,NA,NA
1930,"NORTH DAKOTA",680845,"State",NA,NA,NA,NA,NA,NA,NA,NA,NA,NA,NA,NA,NA
1930,"OHIO",6646697,"State",NA,NA,NA,NA,NA,NA,NA,NA,NA,NA,NA,NA,NA
1930,"OKLAHOMA",2396040,"State",NA,NA,NA,NA,NA,NA,NA,NA,NA,NA,NA,NA,NA
1930,"OREGON",953786,"State",NA,NA,NA,NA,NA,NA,NA,NA,NA,NA,NA,NA,NA
1930,"PENNSYLVANIA",9631350,"State",NA,NA,NA,NA,NA,NA,NA,NA,NA,NA,NA,NA,NA
1930,"RHODE ISLAND",687497,"State",NA,NA,NA,NA,NA,NA,NA,NA,NA,NA,NA,NA,NA
1930,"SOUTH CAROLINA",1738765,"State",NA,NA,NA,NA,NA,NA,NA,NA,NA,NA,NA,NA,NA
1930,"SOUTH DAKOTA",692849,"State",NA,NA,NA,NA,NA,NA,NA,NA,NA,NA,NA,NA,NA
1930,"TENNESSEE",2616556,"State",NA,NA,NA,NA,NA,NA,NA,NA,NA,NA,NA,NA,NA
1930,"TEXAS",5824715,"State",NA,NA,NA,NA,NA,NA,NA,NA,NA,NA,NA,NA,NA
1930,"UTAH",507847,"State",NA,NA,NA,NA,NA,NA,NA,NA,NA,NA,NA,NA,NA
1930,"VERMONT",359611,"State",NA,NA,NA,NA,NA,NA,NA,NA,NA,NA,NA,NA,NA
1930,"VIRGINIA",2421851,"State",NA,NA,NA,NA,NA,NA,NA,NA,NA,NA,NA,NA,NA
1930,"WASHINGTON",1563396,"State",NA,NA,NA,NA,NA,NA,NA,NA,NA,NA,NA,NA,NA
1930,"WEST VIRGINIA",1729205,"State",NA,NA,NA,NA,NA,NA,NA,NA,NA,NA,NA,NA,NA
1930,"WISCONSIN",2939006,"State",NA,NA,NA,NA,NA,NA,NA,NA,NA,NA,NA,NA,NA
1930,"WYOMING",225565,"State",NA,NA,NA,NA,NA,NA,NA,NA,NA,NA,NA,NA,NA
1940,"ALABAMA",2832961,"State",NA,NA,NA,NA,NA,NA,NA,NA,NA,NA,NA,NA,NA
1940,"ARIZONA",499261,"State",NA,NA,NA,NA,NA,NA,NA,NA,NA,NA,NA,NA,NA
1940,"ARKANSAS",1949387,"State",NA,NA,NA,NA,NA,NA,NA,NA,NA,NA,NA,NA,NA
1940,"CALIFORNIA",6907387,"State",NA,NA,NA,NA,NA,NA,NA,NA,NA,NA,NA,NA,NA
1940,"COLORADO",1123296,"State",NA,NA,NA,NA,NA,NA,NA,NA,NA,NA,NA,NA,NA
1940,"CONNECTICUT",1709242,"State",NA,NA,NA,NA,NA,NA,NA,NA,NA,NA,NA,NA,NA
1940,"DELAWARE",266505,"State",NA,NA,NA,NA,NA,NA,NA,NA,NA,NA,NA,NA,NA
1940,"FLORIDA",1897414,"State",NA,NA,NA,NA,NA,NA,NA,NA,NA,NA,NA,NA,NA
1940,"GEORGIA",3123723,"State",NA,NA,NA,NA,NA,NA,NA,NA,NA,NA,NA,NA,NA
1940,"IDAHO",524873,"State",NA,NA,NA,NA,NA,NA,NA,NA,NA,NA,NA,NA,NA
1940,"ILLINOIS",7897241,"State",NA,NA,NA,NA,NA,NA,NA,NA,NA,NA,NA,NA,NA
1940,"INDIANA",3427796,"State",NA,NA,NA,NA,NA,NA,NA,NA,NA,NA,NA,NA,NA
1940,"IOWA",2538268,"State",NA,NA,NA,NA,NA,NA,NA,NA,NA,NA,NA,NA,NA
1940,"KANSAS",1801028,"State",NA,NA,NA,NA,NA,NA,NA,NA,NA,NA,NA,NA,NA
1940,"KENTUCKY",2845627,"State",NA,NA,NA,NA,NA,NA,NA,NA,NA,NA,NA,NA,NA
1940,"LOUISIANA",2363880,"State",NA,NA,NA,NA,NA,NA,NA,NA,NA,NA,NA,NA,NA
1940,"MAINE",847226,"State",NA,NA,NA,NA,NA,NA,NA,NA,NA,NA,NA,NA,NA
1940,"MARYLAND",1821244,"State",NA,NA,NA,NA,NA,NA,NA,NA,NA,NA,NA,NA,NA
1940,"MASSACHUSETTS",4316721,"State",NA,NA,NA,NA,NA,NA,NA,NA,NA,NA,NA,NA,NA
1940,"MICHIGAN",5256106,"State",NA,NA,NA,NA,NA,NA,NA,NA,NA,NA,NA,NA,NA
1940,"MINNESOTA",2792300,"State",NA,NA,NA,NA,NA,NA,NA,NA,NA,NA,NA,NA,NA
1940,"MISSISSIPPI",2183796,"State",NA,NA,NA,NA,NA,NA,NA,NA,NA,NA,NA,NA,NA
1940,"MISSOURI",3784664,"State",NA,NA,NA,NA,NA,NA,NA,NA,NA,NA,NA,NA,NA
1940,"MONTANA",559456,"State",NA,NA,NA,NA,NA,NA,NA,NA,NA,NA,NA,NA,NA
1940,"NEBRASKA",1315834,"State",NA,NA,NA,NA,NA,NA,NA,NA,NA,NA,NA,NA,NA
1940,"NEVADA",110247,"State",NA,NA,NA,NA,NA,NA,NA,NA,NA,NA,NA,NA,NA
1940,"NEW HAMPSHIRE",491524,"State",NA,NA,NA,NA,NA,NA,NA,NA,NA,NA,NA,NA,NA
1940,"NEW JERSEY",4160165,"State",NA,NA,NA,NA,NA,NA,NA,NA,NA,NA,NA,NA,NA
1940,"NEW MEXICO",531818,"State",NA,NA,NA,NA,NA,NA,NA,NA,NA,NA,NA,NA,NA
1940,"NEW YORK",13469142,"State",NA,NA,NA,NA,NA,NA,NA,NA,NA,NA,NA,NA,NA
1940,"NORTH CAROLINA",3571623,"State",NA,NA,NA,NA,NA,NA,NA,NA,NA,NA,NA,NA,NA
1940,"NORTH DAKOTA",641935,"State",NA,NA,NA,NA,NA,NA,NA,NA,NA,NA,NA,NA,NA
1940,"OHIO",6907612,"State",NA,NA,NA,NA,NA,NA,NA,NA,NA,NA,NA,NA,NA
1940,"OKLAHOMA",2336434,"State",NA,NA,NA,NA,NA,NA,NA,NA,NA,NA,NA,NA,NA
1940,"OREGON",1089684,"State",NA,NA,NA,NA,NA,NA,NA,NA,NA,NA,NA,NA,NA
1940,"PENNSYLVANIA",9900180,"State",NA,NA,NA,NA,NA,NA,NA,NA,NA,NA,NA,NA,NA
1940,"RHODE ISLAND",713346,"State",NA,NA,NA,NA,NA,NA,NA,NA,NA,NA,NA,NA,NA
1940,"SOUTH CAROLINA",1899804,"State",NA,NA,NA,NA,NA,NA,NA,NA,NA,NA,NA,NA,NA
1940,"SOUTH DAKOTA",642961,"State",NA,NA,NA,NA,NA,NA,NA,NA,NA,NA,NA,NA,NA
1940,"TENNESSEE",2915841,"State",NA,NA,NA,NA,NA,NA,NA,NA,NA,NA,NA,NA,NA
1940,"TEXAS",6414824,"State",NA,NA,NA,NA,NA,NA,NA,NA,NA,NA,NA,NA,NA
1940,"UTAH",550310,"State",NA,NA,NA,NA,NA,NA,NA,NA,NA,NA,NA,NA,NA
1940,"VERMONT",359231,"State",NA,NA,NA,NA,NA,NA,NA,NA,NA,NA,NA,NA,NA
1940,"VIRGINIA",2644250,"State",NA,NA,NA,NA,NA,NA,NA,NA,NA,NA,NA,NA,NA
1940,"WASHINGTON",1736191,"State",NA,NA,NA,NA,NA,NA,NA,NA,NA,NA,NA,NA,NA
1940,"WEST VIRGINIA",1901974,"State",NA,NA,NA,NA,NA,NA,NA,NA,NA,NA,NA,NA,NA
1940,"WISCONSIN",3137587,"State",NA,NA,NA,NA,NA,NA,NA,NA,NA,NA,NA,NA,NA
1940,"WYOMING",250742,"State",NA,NA,NA,NA,NA,NA,NA,NA,NA,NA,NA,NA,NA
1950,"ALABAMA",3061743,"State",NA,NA,NA,NA,NA,NA,NA,NA,NA,NA,NA,NA,NA
1950,"ARIZONA",749587,"State",NA,NA,NA,NA,NA,NA,NA,NA,NA,NA,NA,NA,NA
1950,"ARKANSAS",1909511,"State",NA,NA,NA,NA,NA,NA,NA,NA,NA,NA,NA,NA,NA
1950,"CALIFORNIA",10586223,"State",NA,NA,NA,NA,NA,NA,NA,NA,NA,NA,NA,NA,NA
1950,"COLORADO",1325089,"State",NA,NA,NA,NA,NA,NA,NA,NA,NA,NA,NA,NA,NA
1950,"CONNECTICUT",2007280,"State",NA,NA,NA,NA,NA,NA,NA,NA,NA,NA,NA,NA,NA
1950,"DELAWARE",318085,"State",NA,NA,NA,NA,NA,NA,NA,NA,NA,NA,NA,NA,NA
1950,"FLORIDA",2771305,"State",NA,NA,NA,NA,NA,NA,NA,NA,NA,NA,NA,NA,NA
1950,"GEORGIA",3444578,"State",NA,NA,NA,NA,NA,NA,NA,NA,NA,NA,NA,NA,NA
1950,"IDAHO",588637,"State",NA,NA,NA,NA,NA,NA,NA,NA,NA,NA,NA,NA,NA
1950,"ILLINOIS",8712176,"State",NA,NA,NA,NA,NA,NA,NA,NA,NA,NA,NA,NA,NA
1950,"INDIANA",3934224,"State",NA,NA,NA,NA,NA,NA,NA,NA,NA,NA,NA,NA,NA
1950,"IOWA",2621073,"State",NA,NA,NA,NA,NA,NA,NA,NA,NA,NA,NA,NA,NA
1950,"KANSAS",1905299,"State",NA,NA,NA,NA,NA,NA,NA,NA,NA,NA,NA,NA,NA
1950,"KENTUCKY",2944806,"State",NA,NA,NA,NA,NA,NA,NA,NA,NA,NA,NA,NA,NA
1950,"LOUISIANA",2683516,"State",NA,NA,NA,NA,NA,NA,NA,NA,NA,NA,NA,NA,NA
1950,"MAINE",913774,"State",NA,NA,NA,NA,NA,NA,NA,NA,NA,NA,NA,NA,NA
1950,"MARYLAND",2343001,"State",NA,NA,NA,NA,NA,NA,NA,NA,NA,NA,NA,NA,NA
1950,"MASSACHUSETTS",4690514,"State",NA,NA,NA,NA,NA,NA,NA,NA,NA,NA,NA,NA,NA
1950,"MICHIGAN",6371766,"State",NA,NA,NA,NA,NA,NA,NA,NA,NA,NA,NA,NA,NA
1950,"MINNESOTA",2982483,"State",NA,NA,NA,NA,NA,NA,NA,NA,NA,NA,NA,NA,NA
1950,"MISSISSIPPI",2178914,"State",NA,NA,NA,NA,NA,NA,NA,NA,NA,NA,NA,NA,NA
1950,"MISSOURI",3954653,"State",NA,NA,NA,NA,NA,NA,NA,NA,NA,NA,NA,NA,NA
1950,"MONTANA",591024,"State",NA,NA,NA,NA,NA,NA,NA,NA,NA,NA,NA,NA,NA
1950,"NEBRASKA",1325510,"State",NA,NA,NA,NA,NA,NA,NA,NA,NA,NA,NA,NA,NA
1950,"NEVADA",160083,"State",NA,NA,NA,NA,NA,NA,NA,NA,NA,NA,NA,NA,NA
1950,"NEW HAMPSHIRE",533242,"State",NA,NA,NA,NA,NA,NA,NA,NA,NA,NA,NA,NA,NA
1950,"NEW JERSEY",4835329,"State",NA,NA,NA,NA,NA,NA,NA,NA,NA,NA,NA,NA,NA
1950,"NEW MEXICO",681187,"State",NA,NA,NA,NA,NA,NA,NA,NA,NA,NA,NA,NA,NA
1950,"NEW YORK",14830192,"State",NA,NA,NA,NA,NA,NA,NA,NA,NA,NA,NA,NA,NA
1950,"NORTH CAROLINA",4061929,"State",NA,NA,NA,NA,NA,NA,NA,NA,NA,NA,NA,NA,NA
1950,"NORTH DAKOTA",619636,"State",NA,NA,NA,NA,NA,NA,NA,NA,NA,NA,NA,NA,NA
1950,"OHIO",7946627,"State",NA,NA,NA,NA,NA,NA,NA,NA,NA,NA,NA,NA,NA
1950,"OKLAHOMA",2233351,"State",NA,NA,NA,NA,NA,NA,NA,NA,NA,NA,NA,NA,NA
1950,"OREGON",1521341,"State",NA,NA,NA,NA,NA,NA,NA,NA,NA,NA,NA,NA,NA
1950,"PENNSYLVANIA",10498012,"State",NA,NA,NA,NA,NA,NA,NA,NA,NA,NA,NA,NA,NA
1950,"RHODE ISLAND",791896,"State",NA,NA,NA,NA,NA,NA,NA,NA,NA,NA,NA,NA,NA
1950,"SOUTH CAROLINA",2117027,"State",NA,NA,NA,NA,NA,NA,NA,NA,NA,NA,NA,NA,NA
1950,"SOUTH DAKOTA",652740,"State",NA,NA,NA,NA,NA,NA,NA,NA,NA,NA,NA,NA,NA
1950,"TENNESSEE",3291718,"State",NA,NA,NA,NA,NA,NA,NA,NA,NA,NA,NA,NA,NA
1950,"TEXAS",7711194,"State",NA,NA,NA,NA,NA,NA,NA,NA,NA,NA,NA,NA,NA
1950,"UTAH",688862,"State",NA,NA,NA,NA,NA,NA,NA,NA,NA,NA,NA,NA,NA
1950,"VERMONT",377747,"State",NA,NA,NA,NA,NA,NA,NA,NA,NA,NA,NA,NA,NA
1950,"VIRGINIA",3318680,"State",NA,NA,NA,NA,NA,NA,NA,NA,NA,NA,NA,NA,NA
1950,"WASHINGTON",2378963,"State",NA,NA,NA,NA,NA,NA,NA,NA,NA,NA,NA,NA,NA
1950,"WEST VIRGINIA",2005552,"State",NA,NA,NA,NA,NA,NA,NA,NA,NA,NA,NA,NA,NA
1950,"WISCONSIN",3434575,"State",NA,NA,NA,NA,NA,NA,NA,NA,NA,NA,NA,NA,NA
1950,"WYOMING",290529,"State",NA,NA,NA,NA,NA,NA,NA,NA,NA,NA,NA,NA,NA
1960,"ALABAMA",3266740,"State",NA,NA,NA,NA,NA,NA,NA,NA,NA,NA,NA,NA,NA
1960,"ALASKA",223866,"State",NA,NA,NA,NA,NA,NA,NA,NA,NA,NA,NA,NA,NA
1960,"ARIZONA",1302161,"State",NA,NA,NA,NA,NA,NA,NA,NA,NA,NA,NA,NA,NA
1960,"ARKANSAS",1786272,"State",NA,NA,NA,NA,NA,NA,NA,NA,NA,NA,NA,NA,NA
1960,"CALIFORNIA",15717204,"State",NA,NA,NA,NA,NA,NA,NA,NA,NA,NA,NA,NA,NA
1960,"COLORADO",1753947,"State",NA,NA,NA,NA,NA,NA,NA,NA,NA,NA,NA,NA,NA
1960,"CONNECTICUT",2535234,"State",NA,NA,NA,NA,NA,NA,NA,NA,NA,NA,NA,NA,NA
1960,"DELAWARE",446292,"State",NA,NA,NA,NA,NA,NA,NA,NA,NA,NA,NA,NA,NA
1960,"FLORIDA",4951560,"State",NA,NA,NA,NA,NA,NA,NA,NA,NA,NA,NA,NA,NA
1960,"GEORGIA",3943116,"State",NA,NA,NA,NA,NA,NA,NA,NA,NA,NA,NA,NA,NA
1960,"HAWAII",632772,"State",NA,NA,NA,NA,NA,NA,NA,NA,NA,NA,NA,NA,NA
1960,"IDAHO",667191,"State",NA,NA,NA,NA,NA,NA,NA,NA,NA,NA,NA,NA,NA
1960,"ILLINOIS",10081158,"State",NA,NA,NA,NA,NA,NA,NA,NA,NA,NA,NA,NA,NA
1960,"INDIANA",4662498,"State",NA,NA,NA,NA,NA,NA,NA,NA,NA,NA,NA,NA,NA
1960,"IOWA",2755537,"State",NA,NA,NA,NA,NA,NA,NA,NA,NA,NA,NA,NA,NA
1960,"KANSAS",2178611,"State",NA,NA,NA,NA,NA,NA,NA,NA,NA,NA,NA,NA,NA
1960,"KENTUCKY",3038156,"State",NA,NA,NA,NA,NA,NA,NA,NA,NA,NA,NA,NA,NA
1960,"LOUISIANA",3257022,"State",NA,NA,NA,NA,NA,NA,NA,NA,NA,NA,NA,NA,NA
1960,"MAINE",969265,"State",NA,NA,NA,NA,NA,NA,NA,NA,NA,NA,NA,NA,NA
1960,"MARYLAND",3100689,"State",NA,NA,NA,NA,NA,NA,NA,NA,NA,NA,NA,NA,NA
1960,"MASSACHUSETTS",5148578,"State",NA,NA,NA,NA,NA,NA,NA,NA,NA,NA,NA,NA,NA
1960,"MICHIGAN",7823194,"State",NA,NA,NA,NA,NA,NA,NA,NA,NA,NA,NA,NA,NA
1960,"MINNESOTA",3413864,"State",NA,NA,NA,NA,NA,NA,NA,NA,NA,NA,NA,NA,NA
1960,"MISSISSIPPI",2178141,"State",NA,NA,NA,NA,NA,NA,NA,NA,NA,NA,NA,NA,NA
1960,"MISSOURI",4319813,"State",NA,NA,NA,NA,NA,NA,NA,NA,NA,NA,NA,NA,NA
1960,"MONTANA",674767,"State",NA,NA,NA,NA,NA,NA,NA,NA,NA,NA,NA,NA,NA
1960,"NEBRASKA",1411330,"State",NA,NA,NA,NA,NA,NA,NA,NA,NA,NA,NA,NA,NA
1960,"NEVADA",285278,"State",NA,NA,NA,NA,NA,NA,NA,NA,NA,NA,NA,NA,NA
1960,"NEW HAMPSHIRE",606921,"State",NA,NA,NA,NA,NA,NA,NA,NA,NA,NA,NA,NA,NA
1960,"NEW JERSEY",6066782,"State",NA,NA,NA,NA,NA,NA,NA,NA,NA,NA,NA,NA,NA
1960,"NEW MEXICO",951023,"State",NA,NA,NA,NA,NA,NA,NA,NA,NA,NA,NA,NA,NA
1960,"NEW YORK",16782304,"State",NA,NA,NA,NA,NA,NA,NA,NA,NA,NA,NA,NA,NA
1960,"NORTH CAROLINA",4556155,"State",NA,NA,NA,NA,NA,NA,NA,NA,NA,NA,NA,NA,NA
1960,"NORTH DAKOTA",632444,"State",NA,NA,NA,NA,NA,NA,NA,NA,NA,NA,NA,NA,NA
1960,"OHIO",9706397,"State",NA,NA,NA,NA,NA,NA,NA,NA,NA,NA,NA,NA,NA
1960,"OKLAHOMA",2328284,"State",NA,NA,NA,NA,NA,NA,NA,NA,NA,NA,NA,NA,NA
1960,"OREGON",1768687,"State",NA,NA,NA,NA,NA,NA,NA,NA,NA,NA,NA,NA,NA
1960,"PENNSYLVANIA",11319366,"State",NA,NA,NA,NA,NA,NA,NA,NA,NA,NA,NA,NA,NA
1960,"RHODE ISLAND",859488,"State",NA,NA,NA,NA,NA,NA,NA,NA,NA,NA,NA,NA,NA
1960,"SOUTH CAROLINA",2382594,"State",NA,NA,NA,NA,NA,NA,NA,NA,NA,NA,NA,NA,NA
1960,"SOUTH DAKOTA",680514,"State",NA,NA,NA,NA,NA,NA,NA,NA,NA,NA,NA,NA,NA
1960,"TENNESSEE",3567089,"State",NA,NA,NA,NA,NA,NA,NA,NA,NA,NA,NA,NA,NA
1960,"TEXAS",9579677,"State",NA,NA,NA,NA,NA,NA,NA,NA,NA,NA,NA,NA,NA
1960,"UTAH",890627,"State",NA,NA,NA,NA,NA,NA,NA,NA,NA,NA,NA,NA,NA
1960,"VERMONT",389881,"State",NA,NA,NA,NA,NA,NA,NA,NA,NA,NA,NA,NA,NA
1960,"VIRGINIA",3966949,"State",NA,NA,NA,NA,NA,NA,NA,NA,NA,NA,NA,NA,NA
1960,"WASHINGTON",2853214,"State",NA,NA,NA,NA,NA,NA,NA,NA,NA,NA,NA,NA,NA
1960,"WEST VIRGINIA",1860421,"State",NA,NA,NA,NA,NA,NA,NA,NA,NA,NA,NA,NA,NA
1960,"WISCONSIN",3951777,"State",NA,NA,NA,NA,NA,NA,NA,NA,NA,NA,NA,NA,NA
1960,"WYOMING",330066,"State",NA,NA,NA,NA,NA,NA,NA,NA,NA,NA,NA,NA,NA
